{"first_level_tags->pillars_1d->Casualties": 0.4786951904296875, "first_level_tags->pillars_1d->Context": 0.4560154661303386, "first_level_tags->pillars_1d->Covid-19": 0.48875623231288046, "first_level_tags->pillars_1d->Displacement": 0.4866385036148131, "first_level_tags->pillars_1d->Humanitarian access": 0.5566575367935002, "first_level_tags->pillars_1d->Information and communication": 0.5240208651171998, "first_level_tags->pillars_1d->Shock/event": 0.4355748853413388, "first_level_tags->pillars_2d->At risk": 0.5338216999196448, "first_level_tags->pillars_2d->Capacities & response": 0.5404367821989582, "first_level_tags->pillars_2d->Humanitarian conditions": 0.4936408994253725, "first_level_tags->pillars_2d->Impact": 0.44396411336492747, "first_level_tags->pillars_2d->Priority interventions": 0.5332366157206707, "first_level_tags->pillars_2d->Priority needs": 0.458057175274007, "first_level_tags->sectors->Agriculture": 0.5282577985606622, "first_level_tags->sectors->Cross": 0.4889691343996674, "first_level_tags->sectors->Education": 0.5920707726851105, "first_level_tags->sectors->Food security": 0.5425305617973208, "first_level_tags->sectors->Health": 0.5402583407005295, "first_level_tags->sectors->Livelihoods": 0.5284994356450625, "first_level_tags->sectors->Logistics": 0.5307677827076986, "first_level_tags->sectors->Nutrition": 0.6254491246829275, "first_level_tags->sectors->Protection": 0.5417763417819514, "first_level_tags->sectors->Shelter": 0.5853242888115346, "first_level_tags->sectors->Wash": 0.5925197415053844}