{"first_level_tags->pillars_1d->Casualties": 0.5496695785045624, "first_level_tags->pillars_1d->Context": 0.3975983100891113, "first_level_tags->pillars_1d->Covid-19": 0.4501421432971955, "first_level_tags->pillars_1d->Displacement": 0.49913818287849426, "first_level_tags->pillars_1d->Humanitarian access": 0.5475577263355256, "first_level_tags->pillars_1d->Information and communication": 0.5470146833181382, "first_level_tags->pillars_1d->Shock/event": 0.28372821516990665, "first_level_tags->pillars_2d->At risk": 0.5479641644477844, "first_level_tags->pillars_2d->Capacities & response": 0.44996299855709077, "first_level_tags->pillars_2d->Humanitarian conditions": 0.4493356835126877, "first_level_tags->pillars_2d->Impact": 0.39943534908294676, "first_level_tags->pillars_2d->Priority interventions": 0.5469002722024918, "first_level_tags->pillars_2d->Priority needs": 0.34815615954399104, "first_level_tags->sectors->Agriculture": 0.49800289320945745, "first_level_tags->sectors->Cross": 0.49848983335494995, "first_level_tags->sectors->Education": 0.6986534753322602, "first_level_tags->sectors->Food security": 0.649767421221733, "first_level_tags->sectors->Health": 0.6494935080766677, "first_level_tags->sectors->Livelihoods": 0.5987720064163208, "first_level_tags->sectors->Logistics": 0.3988070684432984, "first_level_tags->sectors->Nutrition": 0.698707131433487, "first_level_tags->sectors->Protection": 0.5996646813392639, "first_level_tags->sectors->Shelter": 0.6496062890052796, "first_level_tags->sectors->Wash": 0.7496735038757324}