{"first_level_tags->pillars_1d->Casualties": 0.5479977665662765, "first_level_tags->pillars_1d->Context": 0.44418399147987364, "first_level_tags->pillars_1d->Covid-19": 0.49811223793029785, "first_level_tags->pillars_1d->Displacement": 0.49937731671333313, "first_level_tags->pillars_1d->Humanitarian access": 0.6958825090408325, "first_level_tags->pillars_1d->Information and communication": 0.5448187111139298, "first_level_tags->pillars_1d->Shock/event": 0.3220487737894058, "first_level_tags->pillars_2d->At risk": 0.4964737360477448, "first_level_tags->pillars_2d->Capacities & response": 0.4994919066429138, "first_level_tags->pillars_2d->Humanitarian conditions": 0.49815363335609436, "first_level_tags->pillars_2d->Impact": 0.4482004385471344, "first_level_tags->pillars_2d->Priority interventions": 0.5473795859336853, "first_level_tags->pillars_2d->Priority needs": 0.4449026089191437, "first_level_tags->sectors->Agriculture": 0.696803883600235, "first_level_tags->sectors->Cross": 0.39758712825775144, "first_level_tags->sectors->Education": 0.6988267519950866, "first_level_tags->sectors->Food security": 0.5992114595413208, "first_level_tags->sectors->Health": 0.649402345752716, "first_level_tags->sectors->Livelihoods": 0.4964211349487305, "first_level_tags->sectors->Logistics": 0.4946360056400299, "first_level_tags->sectors->Nutrition": 0.5990553192138672, "first_level_tags->sectors->Protection": 0.5492587803125382, "first_level_tags->sectors->Shelter": 0.7473271074295045, "first_level_tags->sectors->Wash": 0.7495369347333908}