{"first_level_tags->pillars_1d->Casualties": 0.506088973378064, "first_level_tags->pillars_1d->Context": 0.46073818823788315, "first_level_tags->pillars_1d->Covid-19": 0.5289928154554218, "first_level_tags->pillars_1d->Displacement": 0.47934761946089566, "first_level_tags->pillars_1d->Humanitarian access": 0.49686135835945605, "first_level_tags->pillars_1d->Information and communication": 0.5406696541234851, "first_level_tags->pillars_1d->Shock/event": 0.4109621772542596, "first_level_tags->pillars_2d->At risk": 0.5114844399620779, "first_level_tags->pillars_2d->Capacities & response": 0.536655964399688, "first_level_tags->pillars_2d->Humanitarian conditions": 0.4846951551735401, "first_level_tags->pillars_2d->Impact": 0.4816009006462991, "first_level_tags->pillars_2d->Priority interventions": 0.47825597529299557, "first_level_tags->pillars_2d->Priority needs": 0.45574916200712323, "first_level_tags->sectors->Agriculture": 0.540806885715574, "first_level_tags->sectors->Cross": 0.48164323531091213, "first_level_tags->sectors->Education": 0.5842868741601706, "first_level_tags->sectors->Food security": 0.5258936812402681, "first_level_tags->sectors->Health": 0.5321014892309903, "first_level_tags->sectors->Livelihoods": 0.5092199281323702, "first_level_tags->sectors->Logistics": 0.47698713885620236, "first_level_tags->sectors->Nutrition": 0.5294123810017481, "first_level_tags->sectors->Protection": 0.5366161644924432, "first_level_tags->sectors->Shelter": 0.578812594898045, "first_level_tags->sectors->Wash": 0.5916276559233665}